{"cameraMode":{"drawMode":0,"name":"Shaded","section":"Shading Mode"},"sceneLighting":false,"audioPlay":false,"sceneViewState":{"m_AlwaysRefresh":false,"showFog":true,"showSkybox":false,"showFlares":true,"showImageEffects":true,"showParticleSystems":true,"showVisualEffectGraphs":true,"m_FxEnabled":true},"in2DMode":false,"pivot":{"x":-2.0933194160461427,"y":1.3982813358306885,"z":-0.9607968330383301},"rotation":{"x":0.19680969417095185,"y":0.6941345930099487,"z":-0.2066744565963745,"w":0.6609111428260803},"size":0.4632872939109802,"orthographic":false}